"id","suraId","verseID","ayahText","indoText","readText"
"0","1","1","بِسْمِ اللّٰهِ الرَّحْمٰنِ الرَّحِيْمِ","Dengan nama Allah Yang Maha Pengasih, Maha Penyayang.","bismillāhir-raḥmānir-raḥīm"
"1","1","2","اَلْحَمْدُ لِلّٰهِ رَبِّ الْعٰلَمِيْنَۙ","Segala puji bagi Allah, Tuhan seluruh alam,","al-ḥamdu lillāhi rabbil-'ālamīn"
"2","1","3","الرَّحْمٰنِ الرَّحِيْمِۙ","Yang Maha Pengasih, Maha Penyayang,","ar-raḥmānir-raḥīm"
"3","1","4","مٰلِكِ يَوْمِ الدِّيْنِۗ","Pemilik hari pembalasan.","māliki yaumid-dīn"
"4","1","5","اِيَّاكَ نَعْبُدُ وَاِيَّاكَ نَسْتَعِيْنُۗ","Hanya kepada Engkaulah kami menyembah dan hanya kepada Engkaulah kami mohon pertolongan.","iyyāka na'budu wa iyyāka nasta'īn"
"5","1","6","اِهْدِنَا الصِّرَاطَ الْمُسْتَقِيْمَ ۙ","Tunjukilah kami jalan yang lurus,","ihdinaṣ-ṣirāṭal-mustaqīm"
"6","1","7","صِرَاطَ الَّذِيْنَ اَنْعَمْتَ عَلَيْهِمْ ەۙ غَيْرِ الْمَغْضُوْبِ عَلَيْهِمْ وَلَا الضَّاۤلِّيْنَ","(yaitu) jalan orang-orang yang telah Engkau beri nikmat kepadanya; bukan (jalan) mereka yang dimurkai, dan bukan (pula jalan) mereka yang sesat.","ṣirāṭallażīna an'amta 'alaihim gairil-magḍụbi 'alaihim wa laḍ-ḍāllīn"
"7","2","1","الۤمّۤ ۚ","Alif Lam Mim.","alif lām mīm"
"8","2","2","ذٰلِكَ الْكِتٰبُ لَا رَيْبَ ۛ فِيْهِ ۛ هُدًى لِّلْمُتَّقِيْنَۙ","Kitab (Al-Qur'an) ini tidak ada keraguan padanya; petunjuk bagi mereka yang bertakwa,","żālikal-kitābu lā raiba fīh, hudal lil-muttaqīn"
"9","2","3","الَّذِيْنَ يُؤْمِنُوْنَ بِالْغَيْبِ وَيُقِيْمُوْنَ الصَّلٰوةَ وَمِمَّا رَزَقْنٰهُمْ يُنْفِقُوْنَ ۙ","(yaitu) mereka yang beriman kepada yang gaib, melaksanakan salat, dan menginfakkan sebagian rezeki yang Kami berikan kepada mereka,","allażīna yu`minụna bil-gaibi wa yuqīmụnaṣ-ṣalāta wa mimmā razaqnāhum yunfiqụn"
"10","2","4","وَالَّذِيْنَ يُؤْمِنُوْنَ بِمَآ اُنْزِلَ اِلَيْكَ وَمَآ اُنْزِلَ مِنْ قَبْلِكَ ۚ وَبِالْاٰخِرَةِ هُمْ يُوْقِنُوْنَۗ","dan mereka yang beriman kepada (Al-Qur'an) yang diturunkan kepadamu (Muhammad) dan (kitab-kitab) yang telah diturunkan sebelum engkau, dan mereka yakin akan adanya akhirat.","wallażīna yu`minụna bimā unzila ilaika wa mā unzila ming qablik, wa bil-ākhirati hum yụqinụn"
"11","2","5","اُولٰۤىِٕكَ عَلٰى هُدًى مِّنْ رَّبِّهِمْ ۙ وَاُولٰۤىِٕكَ هُمُ الْمُفْلِحُوْنَ","Merekalah yang mendapat petunjuk dari Tuhannya, dan mereka itulah orang-orang yang beruntung.","ulā`ika 'alā hudam mir rabbihim wa ulā`ika humul-mufliḥụn"
"12","2","6","اِنَّ الَّذِيْنَ كَفَرُوْا سَوَاۤءٌ عَلَيْهِمْ ءَاَنْذَرْتَهُمْ اَمْ لَمْ تُنْذِرْهُمْ لَا يُؤْمِنُوْنَ","Sesungguhnya orang-orang kafir, sama saja bagi mereka, engkau (Muhammad) beri peringatan atau tidak engkau beri peringatan, mereka tidak akan beriman.","innallażīna kafarụ sawā`un 'alaihim a anżartahum am lam tunżir-hum lā yu`minụn"
"13","2","7","خَتَمَ اللّٰهُ عَلٰى قُلُوْبِهِمْ وَعَلٰى سَمْعِهِمْ ۗ وَعَلٰٓى اَبْصَارِهِمْ غِشَاوَةٌ وَّلَهُمْ عَذَابٌ عَظِيْمٌ","Allah telah mengunci hati dan pendengaran mereka, penglihatan mereka telah tertutup, dan mereka akan mendapat azab yang berat.","khatamallāhu 'alā qulụbihim wa 'alā sam'ihim, wa 'alā abṣārihim gisyāwatuw wa lahum 'ażābun 'aẓīm"
"14","2","8","وَمِنَ النَّاسِ مَنْ يَّقُوْلُ اٰمَنَّا بِاللّٰهِ وَبِالْيَوْمِ الْاٰخِرِ وَمَا هُمْ بِمُؤْمِنِيْنَۘ","Dan di antara manusia ada yang berkata, “Kami beriman kepada Allah dan hari akhir,” padahal sesungguhnya mereka itu bukanlah orang-orang yang beriman.","wa minan-nāsi may yaqụlu āmannā billāhi wa bil-yaumil-ākhiri wa mā hum bimu`minīn"
"15","2","9","يُخٰدِعُوْنَ اللّٰهَ وَالَّذِيْنَ اٰمَنُوْا ۚ وَمَا يَخْدَعُوْنَ اِلَّآ اَنْفُسَهُمْ وَمَا يَشْعُرُوْنَۗ","Mereka menipu Allah dan orang-orang yang beriman, padahal mereka hanyalah menipu diri sendiri tanpa mereka sadari.","yukhādi'ụnallāha wallażīna āmanụ, wa mā yakhda'ụna illā anfusahum wa mā yasy'urụn"
"16","2","10","فِيْ قُلُوْبِهِمْ مَّرَضٌۙ فَزَادَهُمُ اللّٰهُ مَرَضًاۚ وَلَهُمْ عَذَابٌ اَلِيْمٌ ۢ ەۙ بِمَا كَانُوْا يَكْذِبُوْنَ","Dalam hati mereka ada penyakit, lalu Allah menambah penyakitnya itu; dan mereka mendapat azab yang pedih, karena mereka berdusta.","fī qulụbihim maraḍun fa zādahumullāhu maraḍā, wa lahum 'ażābun alīmum bimā kānụ yakżibụn"
"17","2","11","وَاِذَا قِيْلَ لَهُمْ لَا تُفْسِدُوْا فِى الْاَرْضِۙ قَالُوْٓا اِنَّمَا نَحْنُ مُصْلِحُوْنَ","Dan apabila dikatakan kepada mereka, “Janganlah berbuat kerusakan di bumi!” Mereka menjawab, “Sesungguhnya kami justru orang-orang yang melakukan perbaikan.”","wa iżā qīla lahum lā tufsidụ fil arḍi qālū innamā naḥnu muṣliḥụn"
"18","2","12","اَلَآ اِنَّهُمْ هُمُ الْمُفْسِدُوْنَ وَلٰكِنْ لَّا يَشْعُرُوْنَ","Ingatlah, sesungguhnya merekalah yang berbuat kerusakan, tetapi mereka tidak menyadari.","alā innahum humul-mufsidụna wa lākil lā yasy'urụn"
"19","2","13","وَاِذَا قِيْلَ لَهُمْ اٰمِنُوْا كَمَآ اٰمَنَ النَّاسُ قَالُوْٓا اَنُؤْمِنُ كَمَآ اٰمَنَ السُّفَهَاۤءُ ۗ اَلَآ اِنَّهُمْ هُمُ السُّفَهَاۤءُ وَلٰكِنْ لَّا يَعْلَمُوْنَ","Dan apabila dikatakan kepada mereka, “Berimanlah kamu sebagaimana orang lain telah beriman!” Mereka menjawab, “Apakah kami akan beriman seperti orang-orang yang kurang akal itu beriman?” Ingatlah, sesungguhnya mereka itulah orang-orang yang kurang akal, tetapi mereka tidak tahu.","wa iżā qīla lahum āminụ kamā āmanan-nāsu qālū a nu`minu kamā āmanas-sufahā`, alā innahum humus-sufahā`u wa lākil lā ya'lamụn"
"20","2","14","وَاِذَا لَقُوا الَّذِيْنَ اٰمَنُوْا قَالُوْٓا اٰمَنَّا ۚ وَاِذَا خَلَوْا اِلٰى شَيٰطِيْنِهِمْ ۙ قَالُوْٓا اِنَّا مَعَكُمْ ۙاِنَّمَا نَحْنُ مُسْتَهْزِءُوْنَ","Dan apabila mereka berjumpa dengan orang yang beriman, mereka berkata, “Kami telah beriman.” Tetapi apabila mereka kembali kepada setan-setan (para pemimpin) mereka, mereka berkata, “Sesungguhnya kami bersama kamu, kami hanya berolok-olok.”","wa iżā laqullażīna āmanụ qālū āmannā, wa iżā khalau ilā syayāṭīnihim qālū innā ma'akum innamā naḥnu mustahzi`ụn"
"21","2","15"," اَللّٰهُ يَسْتَهْزِئُ بِهِمْ وَيَمُدُّهُمْ فِيْ طُغْيَانِهِمْ يَعْمَهُوْنَ","Allah akan memperolok-olokkan mereka dan membiarkan mereka terombang-ambing dalam kesesatan.","allāhu yastahzi`u bihim wa yamudduhum fī ṭugyānihim ya'mahụn"
"22","2","16","اُولٰۤىِٕكَ الَّذِيْنَ اشْتَرَوُا الضَّلٰلَةَ بِالْهُدٰىۖ فَمَا رَبِحَتْ تِّجَارَتُهُمْ وَمَا كَانُوْا مُهْتَدِيْنَ","Mereka itulah yang membeli kesesatan dengan petunjuk. Maka perdagangan mereka itu tidak beruntung dan mereka tidak mendapat petunjuk.","ulā`ikallażīnasytarawuḍ-ḍalālata bil-hudā fa mā rabiḥat tijāratuhum wa mā kānụ muhtadīn"
"23","2","17","مَثَلُهُمْ كَمَثَلِ الَّذِى اسْتَوْقَدَ نَارًا ۚ فَلَمَّآ اَضَاۤءَتْ مَا حَوْلَهٗ ذَهَبَ اللّٰهُ بِنُوْرِهِمْ وَتَرَكَهُمْ فِيْ ظُلُمٰتٍ لَّا يُبْصِرُوْنَ","Perumpamaan mereka seperti orang-orang yang menyalakan api, setelah menerangi sekelilingnya, Allah melenyapkan cahaya (yang menyinari) mereka dan membiarkan mereka dalam kegelapan, tidak dapat melihat.","maṡaluhum kamaṡalillażistauqada nārā, fa lammā aḍā`at mā ḥaulahụ żahaballāhu binụrihim wa tarakahum fī ẓulumātil lā yubṣirụn"
"24","2","18","صُمٌّ ۢ بُكْمٌ عُمْيٌ فَهُمْ لَا يَرْجِعُوْنَۙ","Mereka tuli, bisu dan buta, sehingga mereka tidak dapat kembali.","ṣummum bukmun 'umyun fa hum lā yarji'ụn"
"25","2","19","اَوْ كَصَيِّبٍ مِّنَ السَّمَاۤءِ فِيْهِ ظُلُمٰتٌ وَّرَعْدٌ وَّبَرْقٌۚ يَجْعَلُوْنَ اَصَابِعَهُمْ فِيْٓ اٰذَانِهِمْ مِّنَ الصَّوَاعِقِ حَذَرَ الْمَوْتِۗ وَاللّٰهُ مُحِيْطٌۢ بِالْكٰفِرِيْنَ","Atau seperti (orang yang ditimpa) hujan lebat dari langit, yang disertai kegelapan, petir dan kilat. Mereka menyumbat telinga dengan jari-jarinya, (menghindari) suara petir itu karena takut mati. Allah meliputi orang-orang yang kafir.","au kaṣayyibim minas-samā`i fīhi ẓulumātuw wa ra'duw wa barq, yaj'alụna aṣābi'ahum fī āżānihim minaṣ-ṣawā'iqi ḥażaral-maụt, wallāhu muḥīṭum bil-kāfirīn"
"26","2","20","يَكَادُ الْبَرْقُ يَخْطَفُ اَبْصَارَهُمْ ۗ كُلَّمَآ اَضَاۤءَ لَهُمْ مَّشَوْا فِيْهِ ۙ وَاِذَآ اَظْلَمَ عَلَيْهِمْ قَامُوْا ۗوَلَوْ شَاۤءَ اللّٰهُ لَذَهَبَ بِسَمْعِهِمْ وَاَبْصَارِهِمْ ۗ اِنَّ اللّٰهَ عَلٰى كُلِّ شَيْءٍ قَدِيْرٌ","Hampir saja kilat itu menyambar penglihatan mereka. Setiap kali (kilat itu) menyinari, mereka berjalan di bawah (sinar) itu, dan apabila gelap menerpa mereka, mereka berhenti. Sekiranya Allah menghendaki, niscaya Dia hilangkan pendengaran dan penglihatan mereka. Sungguh, Allah Mahakuasa atas segala sesuatu.","yakādul-barqu yakhṭafu abṣārahum, kullamā aḍā`a lahum masyau fīhi wa iżā aẓlama 'alaihim qāmụ, walau syā`allāhu lażahaba bisam'ihim wa abṣārihim, innallāha 'alā kulli syai`ing qadīr"
"27","2","21"," يٰٓاَيُّهَا النَّاسُ اعْبُدُوْا رَبَّكُمُ الَّذِيْ خَلَقَكُمْ وَالَّذِيْنَ مِنْ قَبْلِكُمْ لَعَلَّكُمْ تَتَّقُوْنَۙ","Wahai manusia! Sembahlah Tuhanmu yang telah menciptakan kamu dan orang-orang yang sebelum kamu, agar kamu bertakwa.","yā ayyuhan-nāsu'budụ rabbakumullażī khalaqakum wallażīna ming qablikum la'allakum tattaqụn"
"28","2","22"," الَّذِيْ جَعَلَ لَكُمُ الْاَرْضَ فِرَاشًا وَّالسَّمَاۤءَ بِنَاۤءً ۖوَّاَنْزَلَ مِنَ السَّمَاۤءِ مَاۤءً فَاَخْرَجَ بِهٖ مِنَ الثَّمَرٰتِ رِزْقًا لَّكُمْ ۚ فَلَا تَجْعَلُوْا لِلّٰهِ اَنْدَادًا وَّاَنْتُمْ تَعْلَمُوْنَ","(Dialah) yang menjadikan bumi sebagai hamparan bagimu dan langit sebagai atap, dan Dialah yang menurunkan air (hujan) dari langit, lalu Dia hasilkan dengan (hujan) itu buah-buahan sebagai rezeki untukmu. Karena itu janganlah kamu mengadakan tandingan-tandingan bagi Allah, padahal kamu mengetahui.","allażī ja'ala lakumul-arḍa firāsyaw was-samā`a binā`aw wa anzala minas-samā`i mā`an fa akhraja bihī minaṡ-ṡamarāti rizqal lakum, fa lā taj'alụ lillāhi andādaw wa antum ta'lamụn"
"29","2","23","وَاِنْ كُنْتُمْ فِيْ رَيْبٍ مِّمَّا نَزَّلْنَا عَلٰى عَبْدِنَا فَأْتُوْا بِسُوْرَةٍ مِّنْ مِّثْلِهٖ ۖ وَادْعُوْا شُهَدَاۤءَكُمْ مِّنْ دُوْنِ اللّٰهِ اِنْ كُنْتُمْ صٰدِقِيْنَ","Dan jika kamu meragukan (Al-Qur'an) yang Kami turunkan kepada hamba Kami (Muhammad), maka buatlah satu surah semisal dengannya dan ajaklah penolong-penolongmu selain Allah, jika kamu orang-orang yang benar.","wa ing kuntum fī raibim mimmā nazzalnā 'alā 'abdinā fa`tụ bisụratim mim miṡlihī wad'ụ syuhadā`akum min dụnillāhi ing kuntum ṣādiqīn"
"30","2","24","فَاِنْ لَّمْ تَفْعَلُوْا وَلَنْ تَفْعَلُوْا فَاتَّقُوا النَّارَ الَّتِيْ وَقُوْدُهَا النَّاسُ وَالْحِجَارَةُ ۖ اُعِدَّتْ لِلْكٰفِرِيْنَ","Jika kamu tidak mampu membuatnya, dan (pasti) tidak akan mampu, maka takutlah kamu akan api neraka yang bahan bakarnya manusia dan batu, yang disediakan bagi orang-orang kafir.","fa il lam taf'alụ wa lan taf'alụ fattaqun-nārallatī waqụduhan-nāsu wal-ḥijāratu u'iddat lil-kāfirīn"
"31","2","25","وَبَشِّرِ الَّذِيْنَ اٰمَنُوْا وَعَمِلُوا الصّٰلِحٰتِ اَنَّ لَهُمْ جَنّٰتٍ تَجْرِيْ مِنْ تَحْتِهَا الْاَنْهٰرُ ۗ كُلَّمَا رُزِقُوْا مِنْهَا مِنْ ثَمَرَةٍ رِّزْقًا ۙ قَالُوْا هٰذَا الَّذِيْ رُزِقْنَا مِنْ قَبْلُ وَاُتُوْا بِهٖ مُتَشَابِهًا ۗوَلَهُمْ فِيْهَآ اَزْوَاجٌ مُّطَهَّرَةٌ وَّهُمْ فِيْهَا خٰلِدُوْنَ","Dan sampaikanlah kabar gembira kepada orang-orang yang beriman dan berbuat kebajikan, bahwa untuk mereka (disediakan) surga-surga yang mengalir di bawahnya sungai-sungai. Setiap kali mereka diberi rezeki buah-buahan dari surga, mereka berkata, “Inilah rezeki yang diberikan kepada kami dahulu.” Mereka telah diberi (buah-buahan) yang serupa. Dan di sana mereka (memperoleh) pasangan-pasangan yang suci. Mereka kekal di dalamnya.","wa basysyirillażīna āmanụ wa 'amiluṣ-ṣāliḥāti anna lahum jannātin tajrī min taḥtihal-an-hār, kullamā ruziqụ min-hā min ṡamaratir rizqang qālụ hāżallażī ruziqnā ming qablu wa utụ bihī mutasyābihā, wa lahum fīhā azwājum muṭahharatuw wa hum fīhā khālidụn"
"32","2","26","۞ اِنَّ اللّٰهَ لَا يَسْتَحْيٖٓ اَنْ يَّضْرِبَ مَثَلًا مَّا بَعُوْضَةً فَمَا فَوْقَهَا ۗ فَاَمَّا الَّذِيْنَ اٰمَنُوْا فَيَعْلَمُوْنَ اَنَّهُ الْحَقُّ مِنْ رَّبِّهِمْ ۚ وَاَمَّا الَّذِيْنَ كَفَرُوْا فَيَقُوْلُوْنَ مَاذَآ اَرَادَ اللّٰهُ بِهٰذَا مَثَلًا ۘ يُضِلُّ بِهٖ كَثِيْرًا وَّيَهْدِيْ بِهٖ كَثِيْرًا ۗ وَمَا يُضِلُّ بِهٖٓ اِلَّا الْفٰسِقِيْنَۙ","Sesungguhnya Allah tidak segan membuat perumpamaan seekor nyamuk atau yang lebih kecil dari itu. Adapun orang-orang yang beriman, mereka tahu bahwa itu kebenaran dari Tuhan. Tetapi mereka yang kafir berkata, “Apa maksud Allah dengan perumpamaan ini?” Dengan (perumpamaan) itu banyak orang yang dibiarkan-Nya sesat, dan dengan itu banyak (pula) orang yang diberi-Nya petunjuk. Tetapi tidak ada yang Dia sesatkan dengan (perumpamaan) itu selain orang-orang fasik,","innallāha lā yastaḥyī ay yaḍriba maṡalam mā ba'ụḍatan fa mā fauqahā, fa ammallażīna āmanụ fa ya'lamụna annahul-ḥaqqu mir rabbihim, wa ammallażīna kafarụ fa yaqụlụna māżā arādallāhu bihāżā maṡalā, yuḍillu bihī kaṡīraw wa yahdī bihī kaṡīrā, wa mā yuḍillu bihī illal-fāsiqīn"
"33","2","27","الَّذِيْنَ يَنْقُضُوْنَ عَهْدَ اللّٰهِ مِنْۢ بَعْدِ مِيْثَاقِهٖۖ وَيَقْطَعُوْنَ مَآ اَمَرَ اللّٰهُ بِهٖٓ اَنْ يُّوْصَلَ وَيُفْسِدُوْنَ فِى الْاَرْضِۗ اُولٰۤىِٕكَ هُمُ الْخٰسِرُوْنَ","(yaitu) orang-orang yang melanggar perjanjian Allah setelah (perjanjian) itu diteguhkan, dan memutuskan apa yang diperintahkan Allah untuk disambungkan dan berbuat kerusakan di bumi. Mereka itulah orang-orang yang rugi.","allażīna yangquḍụna 'ahdallāhi mim ba'di mīṡāqihī wa yaqṭa'ụna mā amarallāhu bihī ay yụṣala wa yufsidụna fil-arḍ, ulā`ika humul-khāsirụn"
"34","2","28","كَيْفَ تَكْفُرُوْنَ بِاللّٰهِ وَكُنْتُمْ اَمْوَاتًا فَاَحْيَاكُمْۚ ثُمَّ يُمِيْتُكُمْ ثُمَّ يُحْيِيْكُمْ ثُمَّ اِلَيْهِ تُرْجَعُوْنَ","Bagaimana kamu ingkar kepada Allah, padahal kamu (tadinya) mati, lalu Dia menghidupkan kamu, kemudian Dia mematikan kamu lalu Dia menghidupkan kamu kembali. Kemudian kepada-Nyalah kamu dikembalikan.","kaifa takfurụna billāhi wa kuntum amwātan fa aḥyākum, ṡumma yumītukum ṡumma yuḥyīkum ṡumma ilaihi turja'ụn"
"35","2","29","هُوَ الَّذِيْ خَلَقَ لَكُمْ مَّا فِى الْاَرْضِ جَمِيْعًا ثُمَّ اسْتَوٰٓى اِلَى السَّمَاۤءِ فَسَوّٰىهُنَّ سَبْعَ سَمٰوٰتٍ ۗ وَهُوَ بِكُلِّ شَيْءٍ عَلِيْمٌ","Dialah (Allah) yang menciptakan segala apa yang ada di bumi untukmu kemudian Dia menuju ke langit, lalu Dia menyempurnakannya menjadi tujuh langit. Dan Dia Maha Mengetahui segala sesuatu.","huwallażī khalaqa lakum mā fil-arḍi jamī'an ṡummastawā ilas-samā`i fa sawwāhunna sab'a samāwāt, wa huwa bikulli syai`in 'alīm"
"36","2","30","وَاِذْ قَالَ رَبُّكَ لِلْمَلٰۤىِٕكَةِ ِانِّيْ جَاعِلٌ فِى الْاَرْضِ خَلِيْفَةً ۗ قَالُوْٓا اَتَجْعَلُ فِيْهَا مَنْ يُّفْسِدُ فِيْهَا وَيَسْفِكُ الدِّمَاۤءَۚ وَنَحْنُ نُسَبِّحُ بِحَمْدِكَ وَنُقَدِّسُ لَكَ ۗ قَالَ اِنِّيْٓ اَعْلَمُ مَا لَا تَعْلَمُوْنَ","Dan (ingatlah) ketika Tuhanmu berfirman kepada para malaikat, “Aku hendak menjadikan khalifah di bumi.” Mereka berkata, “Apakah Engkau hendak menjadikan orang yang merusak dan menumpahkan darah di sana, sedangkan kami bertasbih memuji-Mu dan menyucikan nama-Mu?” Dia berfirman, “Sungguh, Aku mengetahui apa yang tidak kamu ketahui.”","wa iż qāla rabbuka lil-malā`ikati innī jā'ilun fil-arḍi khalīfah, qālū a taj'alu fīhā may yufsidu fīhā wa yasfikud-dimā`, wa naḥnu nusabbiḥu biḥamdika wa nuqaddisu lak, qāla innī a'lamu mā lā ta'lamụn"
"37","2","31","وَعَلَّمَ اٰدَمَ الْاَسْمَاۤءَ كُلَّهَا ثُمَّ عَرَضَهُمْ عَلَى الْمَلٰۤىِٕكَةِ فَقَالَ اَنْۢبِـُٔوْنِيْ بِاَسْمَاۤءِ هٰٓؤُلَاۤءِ اِنْ كُنْتُمْ صٰدِقِيْنَ","Dan Dia ajarkan kepada Adam nama-nama (benda) semuanya, kemudian Dia perlihatkan kepada para malaikat, seraya berfirman, “Sebutkan kepada-Ku nama semua (benda) ini, jika kamu yang benar!”","wa 'allama ādamal-asmā`a kullahā ṡumma 'araḍahum 'alal-malā`ikati fa qāla ambi`ụnī bi`asmā`i hā`ulā`i ing kuntum ṣādiqīn"
"38","2","32","قَالُوْا سُبْحٰنَكَ لَا عِلْمَ لَنَآ اِلَّا مَا عَلَّمْتَنَا ۗاِنَّكَ اَنْتَ الْعَلِيْمُ الْحَكِيْمُ","Mereka menjawab, “Mahasuci Engkau, tidak ada yang kami ketahui selain apa yang telah Engkau ajarkan kepada kami. Sungguh, Engkaulah Yang Maha Mengetahui, Mahabijaksana.”","qālụ sub-ḥānaka lā 'ilma lanā illā mā 'allamtanā, innaka antal-'alīmul-ḥakīm"
"39","2","33","قَالَ يٰٓاٰدَمُ اَنْۢبِئْهُمْ بِاَسْمَاۤىِٕهِمْ ۚ فَلَمَّآ اَنْۢبَاَهُمْ بِاَسْمَاۤىِٕهِمْۙ قَالَ اَلَمْ اَقُلْ لَّكُمْ اِنِّيْٓ اَعْلَمُ غَيْبَ السَّمٰوٰتِ وَالْاَرْضِۙ وَاَعْلَمُ مَا تُبْدُوْنَ وَمَا كُنْتُمْ تَكْتُمُوْنَ","Dia (Allah) berfirman, “Wahai Adam! Beritahukanlah kepada mereka nama-nama itu!” Setelah dia (Adam) menyebutkan nama-namanya, Dia berfirman, “Bukankah telah Aku katakan kepadamu, bahwa Aku mengetahui rahasia langit dan bumi, dan Aku mengetahui apa yang kamu nyatakan dan apa yang kamu sembunyikan?”","qāla yā ādamu ambi`hum bi`asmā`ihim, fa lammā amba`ahum bi`asmā`ihim qāla a lam aqul lakum innī a'lamu gaibas-samāwāti wal-arḍi wa a'lamu mā tubdụna wa mā kuntum taktumụn"
"40","2","34","وَاِذْ قُلْنَا لِلْمَلٰۤىِٕكَةِ اسْجُدُوْا لِاٰدَمَ فَسَجَدُوْٓا اِلَّآ اِبْلِيْسَۗ اَبٰى وَاسْتَكْبَرَۖ وَكَانَ مِنَ الْكٰفِرِيْنَ","Dan (ingatlah) ketika Kami berfirman kepada para malaikat, “Sujudlah kamu kepada Adam!” Maka mereka pun sujud kecuali Iblis. Ia menolak dan menyombongkan diri, dan ia termasuk golongan yang kafir.","wa iż qulnā lil-malā`ikatisjudụ li`ādama fa sajadū illā iblīs, abā wastakbara wa kāna minal-kāfirīn"
"41","2","35","وَقُلْنَا يٰٓاٰدَمُ اسْكُنْ اَنْتَ وَزَوْجُكَ الْجَنَّةَ وَكُلَا مِنْهَا رَغَدًا حَيْثُ شِئْتُمَاۖ وَلَا تَقْرَبَا هٰذِهِ الشَّجَرَةَ فَتَكُوْنَا مِنَ الظّٰلِمِيْنَ","Dan Kami berfirman, “Wahai Adam! Tinggallah engkau dan istrimu di dalam surga, dan makanlah dengan nikmat (berbagai makanan) yang ada di sana sesukamu. (Tetapi) janganlah kamu dekati pohon ini, nanti kamu termasuk orang-orang yang zalim!”","wa qulnā yā ādamuskun anta wa zaujukal-jannata wa kulā min-hā ragadan ḥaiṡu syi`tumā wa lā taqrabā hāżihisy-syajarata fa takụnā minaẓ-ẓālimīn"
"42","2","36","فَاَزَلَّهُمَا الشَّيْطٰنُ عَنْهَا فَاَخْرَجَهُمَا مِمَّا كَانَا فِيْهِ ۖ وَقُلْنَا اهْبِطُوْا بَعْضُكُمْ لِبَعْضٍ عَدُوٌّ ۚ وَلَكُمْ فِى الْاَرْضِ مُسْتَقَرٌّ وَّمَتَاعٌ اِلٰى حِيْنٍ","Lalu setan memperdayakan keduanya dari surga sehingga keduanya dikeluarkan dari (segala kenikmatan) ketika keduanya di sana (surga). Dan Kami berfirman, “Turunlah kamu! Sebagian kamu menjadi musuh bagi yang lain. Dan bagi kamu ada tempat tinggal dan kesenangan di bumi sampai waktu yang ditentukan.”","fa azallahumasy-syaiṭānu 'an-hā fa akhrajahumā mimmā kānā fīhi wa qulnahbiṭụ ba'ḍukum liba'ḍin 'aduww, wa lakum fil-arḍi mustaqarruw wa matā'un ilā ḥīn"
"43","2","37","فَتَلَقّٰٓى اٰدَمُ مِنْ رَّبِّهٖ كَلِمٰتٍ فَتَابَ عَلَيْهِ ۗ اِنَّهٗ هُوَ التَّوَّابُ الرَّحِيْمُ","Kemudian Adam menerima beberapa kalimat dari Tuhannya, lalu Dia pun menerima tobatnya. Sungguh, Allah Maha Penerima tobat, Maha Penyayang.","fa talaqqā ādamu mir rabbihī kalimātin fa tāba 'alaīh, innahụ huwat-tawwābur-raḥīm"
"44","2","38","قُلْنَا اهْبِطُوْا مِنْهَا جَمِيْعًا ۚ فَاِمَّا يَأْتِيَنَّكُمْ مِّنِّيْ هُدًى فَمَنْ تَبِعَ هُدَايَ فَلَا خَوْفٌ عَلَيْهِمْ وَلَا هُمْ يَحْزَنُوْنَ","Kami berfirman, “Turunlah kamu semua dari surga! Kemudian jika benar-benar datang petunjuk-Ku kepadamu, maka barangsiapa mengikuti petunjuk-Ku, tidak ada rasa takut pada mereka dan mereka tidak bersedih hati.”","qulnahbiṭụ min-hā jamī'ā, fa immā ya`tiyannakum minnī hudan fa man tabi'a hudāya fa lā khaufun 'alaihim wa lā hum yaḥzanụn"
"45","2","39","وَالَّذِيْنَ كَفَرُوْا وَكَذَّبُوْا بِاٰيٰتِنَآ اُولٰۤىِٕكَ اَصْحٰبُ النَّارِ ۚ هُمْ فِيْهَا خٰلِدُوْنَ","Adapun orang-orang yang kafir dan mendustakan ayat-ayat Kami, mereka itu penghuni neraka. Mereka kekal di dalamnya.","wallażīna kafarụ wa każżabụ bi`āyātinā ulā`ika aṣ-ḥābun-nār, hum fīhā khālidụn"
"46","2","40","يٰبَنِيْٓ اِسْرَاۤءِيْلَ اذْكُرُوْا نِعْمَتِيَ الَّتِيْٓ اَنْعَمْتُ عَلَيْكُمْ وَاَوْفُوْا بِعَهْدِيْٓ اُوْفِ بِعَهْدِكُمْۚ وَاِيَّايَ فَارْهَبُوْنِ","Wahai Bani Israil! Ingatlah nikmat-Ku yang telah Aku berikan kepadamu. Dan penuhilah janjimu kepada-Ku, niscaya Aku penuhi janji-Ku kepadamu, dan takutlah kepada-Ku saja.","yā banī isrā`īlażkurụ ni'matiyallatī an'amtu 'alaikum wa aufụ bi'ahdī ụfi bi'ahdikum, wa iyyāya far-habụn"
"47","2","41","وَاٰمِنُوْا بِمَآ اَنْزَلْتُ مُصَدِّقًا لِّمَا مَعَكُمْ وَلَا تَكُوْنُوْٓا اَوَّلَ كَافِرٍۢ بِهٖ ۖ وَلَا تَشْتَرُوْا بِاٰيٰتِيْ ثَمَنًا قَلِيْلًا ۖوَّاِيَّايَ فَاتَّقُوْنِ","Dan berimanlah kamu kepada apa (Al-Qur'an) yang telah Aku turunkan yang membenarkan apa (Taurat) yang ada pada kamu, dan janganlah kamu menjadi orang yang pertama kafir kepadanya. Janganlah kamu jual ayat-ayat-Ku dengan harga murah, dan bertakwalah hanya kepada-Ku.","wa āminụ bimā anzaltu muṣaddiqal limā ma'akum wa lā takụnū awwala kāfirim bihī wa lā tasytarụ bi`āyātī ṡamanang qalīlaw wa iyyāya fattaqụn"
"48","2","42","وَلَا تَلْبِسُوا الْحَقَّ بِالْبَاطِلِ وَتَكْتُمُوا الْحَقَّ وَاَنْتُمْ تَعْلَمُوْنَ","Dan janganlah kamu campuradukkan kebenaran dengan kebatilan dan (janganlah) kamu sembunyikan kebenaran, sedangkan kamu mengetahuinya.","wa lā talbisul-ḥaqqa bil-bāṭili wa taktumul-ḥaqqa wa antum ta'lamụn"
"49","2","43","وَاَقِيْمُوا الصَّلٰوةَ وَاٰتُوا الزَّكٰوةَ وَارْكَعُوْا مَعَ الرَّاكِعِيْنَ","Dan laksanakanlah salat, tunaikanlah zakat, dan rukuklah beserta orang yang rukuk.","wa aqīmuṣ-ṣalāta wa ātuz-zakāta warka'ụ ma'ar-rāki'īn"
"50","2","44","۞ اَتَأْمُرُوْنَ النَّاسَ بِالْبِرِّ وَتَنْسَوْنَ اَنْفُسَكُمْ وَاَنْتُمْ تَتْلُوْنَ الْكِتٰبَ ۗ اَفَلَا تَعْقِلُوْنَ","Mengapa kamu menyuruh orang lain (mengerjakan) kebajikan, sedangkan kamu melupakan dirimu sendiri, padahal kamu membaca Kitab (Taurat)? Tidakkah kamu mengerti?","a ta`murụnan-nāsa bil-birri wa tansauna anfusakum wa antum tatlụnal-kitāb, a fa lā ta'qilụn"
"51","2","45","وَاسْتَعِيْنُوْا بِالصَّبْرِ وَالصَّلٰوةِ ۗ وَاِنَّهَا لَكَبِيْرَةٌ اِلَّا عَلَى الْخٰشِعِيْنَۙ","Dan mohonlah pertolongan (kepada Allah) dengan sabar dan salat. Dan (salat) itu sungguh berat, kecuali bagi orang-orang yang khusyuk,","wasta'īnụ biṣ-ṣabri waṣ-ṣalāh, wa innahā lakabīratun illā 'alal-khāsyi'īn"
"52","2","46","الَّذِيْنَ يَظُنُّوْنَ اَنَّهُمْ مُّلٰقُوْا رَبِّهِمْ وَاَنَّهُمْ اِلَيْهِ رٰجِعُوْنَ","(yaitu) mereka yang yakin, bahwa mereka akan menemui Tuhannya, dan bahwa mereka akan kembali kepada-Nya.","allażīna yaẓunnụna annahum mulāqụ rabbihim wa annahum ilaihi rāji'ụn"
"53","2","47","يٰبَنِيْٓ اِسْرَاۤءِيْلَ اذْكُرُوْا نِعْمَتِيَ الَّتِيْٓ اَنْعَمْتُ عَلَيْكُمْ وَاَنِّيْ فَضَّلْتُكُمْ عَلَى الْعٰلَمِيْنَ","Wahai Bani Israil! Ingatlah nikmat-Ku yang telah Aku berikan kepadamu, dan Aku telah melebihkan kamu dari semua umat yang lain di alam ini (pada masa itu).","yā banī isrā`īlażkurụ ni'matiyallatī an'amtu 'alaikum wa annī faḍḍaltukum 'alal-'ālamīn"
"54","2","48","وَاتَّقُوْا يَوْمًا لَّا تَجْزِيْ نَفْسٌ عَنْ نَّفْسٍ شَيْـًٔا وَّلَا يُقْبَلُ مِنْهَا شَفَاعَةٌ وَّلَا يُؤْخَذُ مِنْهَا عَدْلٌ وَّلَا هُمْ يُنْصَرُوْنَ","Dan takutlah kamu pada hari, (ketika) tidak seorang pun dapat membela orang lain sedikit pun. Sedangkan syafaat dan tebusan apa pun darinya tidak diterima dan mereka tidak akan ditolong.","wattaqụ yaumal lā tajzī nafsun 'an nafsin syai`aw wa lā yuqbalu min-hā syafā'atuw wa lā yu`khażu min-hā 'adluw wa lā hum yunṣarụn"
"55","2","49","وَاِذْ نَجَّيْنٰكُمْ مِّنْ اٰلِ فِرْعَوْنَ يَسُوْمُوْنَكُمْ سُوْۤءَ الْعَذَابِ يُذَبِّحُوْنَ اَبْنَاۤءَكُمْ وَيَسْتَحْيُوْنَ نِسَاۤءَكُمْ ۗ وَفِيْ ذٰلِكُمْ بَلَاۤءٌ مِّنْ رَّبِّكُمْ عَظِيْمٌ","Dan (ingatlah) ketika Kami menyelamatkan kamu dari (Fir‘aun dan) pengikut-pengikut Fir‘aun. Mereka menimpakan siksaan yang sangat berat kepadamu. Mereka menyembelih anak-anak laki-lakimu dan membiarkan hidup anak-anak perempuanmu. Dan pada yang demikian itu merupakan cobaan yang besar dari Tuhanmu.","wa iż najjainākum min āli fir'auna yasụmụnakum sū`al-'ażābi yużabbiḥụna abnā`akum wa yastaḥyụna nisā`akum, wa fī żālikum balā`um mir rabbikum 'aẓīm"
"56","2","50","وَاِذْ فَرَقْنَا بِكُمُ الْبَحْرَ فَاَنْجَيْنٰكُمْ وَاَغْرَقْنَآ اٰلَ فِرْعَوْنَ وَاَنْتُمْ تَنْظُرُوْنَ","Dan (ingatlah) ketika Kami membelah laut untukmu, sehingga kamu dapat Kami selamatkan dan Kami tenggelamkan (Fir‘aun dan) pengikut-pengikut Fir‘aun, sedang kamu menyaksikan.","wa iż faraqnā bikumul-baḥra fa anjainākum wa agraqnā āla fir'auna wa antum tanẓurụn"
"57","2","51","وَاِذْ وٰعَدْنَا مُوْسٰىٓ اَرْبَعِيْنَ لَيْلَةً ثُمَّ اتَّخَذْتُمُ الْعِجْلَ مِنْۢ بَعْدِهٖ وَاَنْتُمْ ظٰلِمُوْنَ","Dan (ingatlah) ketika Kami menjanjikan kepada Musa empat puluh malam. Kemudian kamu (Bani Israil) menjadikan (patung) anak sapi (sebagai sesembahan) setelah (kepergian)nya, dan kamu (menjadi) orang yang zalim.","wa iż wā'adnā mụsā arba'īna lailatan ṡummattakhażtumul-'ijla mim ba'dihī wa antum ẓālimụn"
"58","2","52","ثُمَّ عَفَوْنَا عَنْكُمْ مِّنْۢ بَعْدِ ذٰلِكَ لَعَلَّكُمْ تَشْكُرُوْنَ","Kemudian Kami memaafkan kamu setelah itu, agar kamu bersyukur.","ṡumma 'afaunā 'angkum mim ba'di żālika la'allakum tasykurụn"
"59","2","53","وَاِذْ اٰتَيْنَا مُوْسَى الْكِتٰبَ وَالْفُرْقَانَ لَعَلَّكُمْ تَهْتَدُوْنَ","Dan (ingatlah), ketika Kami memberikan kepada Musa Kitab dan Furqan, agar kamu memperoleh petunjuk.","wa iż ātainā mụsal-kitāba wal-furqāna la'allakum tahtadụn"
"60","2","54","وَاِذْ قَالَ مُوْسٰى لِقَوْمِهٖ يٰقَوْمِ اِنَّكُمْ ظَلَمْتُمْ اَنْفُسَكُمْ بِاتِّخَاذِكُمُ الْعِجْلَ فَتُوْبُوْٓا اِلٰى بَارِىِٕكُمْ فَاقْتُلُوْٓا اَنْفُسَكُمْۗ ذٰلِكُمْ خَيْرٌ لَّكُمْ عِنْدَ بَارِىِٕكُمْۗ فَتَابَ عَلَيْكُمْ ۗ اِنَّهٗ هُوَ التَّوَّابُ الرَّحِيْمُ","Dan (ingatlah) ketika Musa berkata kepada kaumnya, “Wahai kaumku! Kamu benar-benar telah menzalimi dirimu sendiri dengan menjadikan (patung) anak sapi (sebagai sesembahan), karena itu bertobatlah kepada Penciptamu dan bunuhlah dirimu. Itu lebih baik bagimu di sisi Penciptamu. Dia akan menerima tobatmu. Sungguh, Dialah Yang Maha Penerima tobat, Maha Penyayang.","wa iż qāla mụsā liqaumihī yā qaumi innakum ẓalamtum anfusakum bittikhāżikumul-'ijla fa tụbū ilā bāri`ikum faqtulū anfusakum, żālikum khairul lakum 'inda bāri`ikum, fa tāba 'alaikum, innahụ huwat-tawwābur-raḥīm"
"61","2","55","وَاِذْ قُلْتُمْ يٰمُوْسٰى لَنْ نُّؤْمِنَ لَكَ حَتّٰى نَرَى اللّٰهَ جَهْرَةً فَاَخَذَتْكُمُ الصّٰعِقَةُ وَاَنْتُمْ تَنْظُرُوْنَ","Dan (ingatlah) ketika kamu berkata, “Wahai Musa! Kami tidak akan beriman kepadamu sebelum kami melihat Allah dengan jelas,” maka halilintar menyambarmu, sedang kamu menyaksikan.","wa iż qultum yā mụsā lan nu`mina laka ḥattā narallāha jahratan fa akhażatkumuṣ-ṣā'iqatu wa antum tanẓurụn"
"62","2","56","ثُمَّ بَعَثْنٰكُمْ مِّنْۢ بَعْدِ مَوْتِكُمْ لَعَلَّكُمْ تَشْكُرُوْنَ","Kemudian, Kami membangkitkan kamu setelah kamu mati, agar kamu bersyukur.","ṡumma ba'aṡnākum mim ba'di mautikum la'allakum tasykurụn"
"63","2","57","وَظَلَّلْنَا عَلَيْكُمُ الْغَمَامَ وَاَنْزَلْنَا عَلَيْكُمُ الْمَنَّ وَالسَّلْوٰى ۗ كُلُوْا مِنْ طَيِّبٰتِ مَا رَزَقْنٰكُمْ ۗ وَمَا ظَلَمُوْنَا وَلٰكِنْ كَانُوْٓا اَنْفُسَهُمْ يَظْلِمُوْنَ","Dan Kami menaungi kamu dengan awan, dan Kami menurunkan kepadamu mann dan salwa. Makanlah (makanan) yang baik-baik dari rezeki yang telah Kami berikan kepadamu. Mereka tidak menzalimi Kami, tetapi justru merekalah yang menzalimi diri sendiri.","wa ẓallalnā 'alaikumul-gamāma wa anzalnā 'alaikumul-manna was-salwā, kulụ min ṭayyibāti mā razaqnākum, wa mā ẓalamụnā wa lāking kānū anfusahum yaẓlimụn"
"64","2","58","وَاِذْ قُلْنَا ادْخُلُوْا هٰذِهِ الْقَرْيَةَ فَكُلُوْا مِنْهَا حَيْثُ شِئْتُمْ رَغَدًا وَّادْخُلُوا الْبَابَ سُجَّدًا وَّقُوْلُوْا حِطَّةٌ نَّغْفِرْ لَكُمْ خَطٰيٰكُمْ ۗ وَسَنَزِيْدُ الْمُحْسِنِيْنَ","Dan (ingatlah) ketika Kami berfirman, “Masuklah ke negeri ini (Baitulmaqdis), maka makanlah dengan nikmat (berbagai makanan) yang ada di sana sesukamu. Dan masukilah pintu gerbangnya sambil membungkuk, dan katakanlah, “Bebaskanlah kami (dari dosa-dosa kami),” niscaya Kami ampuni kesalahan-kesalahanmu. Dan Kami akan menambah (karunia) bagi orang-orang yang berbuat kebaikan.”","wa iż qulnadkhulụ hāżihil-qaryata fa kulụ min-hā ḥaiṡu syi`tum ragadaw wadkhulul-bāba sujjadaw wa qụlụ ḥiṭṭatun nagfir lakum khaṭāyākum, wa sanazīdul-muḥsinīn"
"65","2","59","فَبَدَّلَ الَّذِيْنَ ظَلَمُوْا قَوْلًا غَيْرَ الَّذِيْ قِيْلَ لَهُمْ فَاَنْزَلْنَا عَلَى الَّذِيْنَ ظَلَمُوْا رِجْزًا مِّنَ السَّمَاۤءِ بِمَا كَانُوْا يَفْسُقُوْنَ","Lalu orang-orang yang zalim mengganti perintah dengan (perintah lain) yang tidak diperintahkan kepada mereka. Maka Kami turunkan malapetaka dari langit kepada orang-orang yang zalim itu, karena mereka (selalu) berbuat fasik.","fa baddalallażīna ẓalamụ qaulan gairallażī qīla lahum fa anzalnā 'alallażīna ẓalamụ rijzam minas-samā`i bimā kānụ yafsuqụn"
"66","2","60","۞ وَاِذِ اسْتَسْقٰى مُوْسٰى لِقَوْمِهٖ فَقُلْنَا اضْرِبْ بِّعَصَاكَ الْحَجَرَۗ فَانْفَجَرَتْ مِنْهُ اثْنَتَا عَشْرَةَ عَيْنًا ۗ قَدْ عَلِمَ كُلُّ اُنَاسٍ مَّشْرَبَهُمْ ۗ كُلُوْا وَاشْرَبُوْا مِنْ رِّزْقِ اللّٰهِ وَلَا تَعْثَوْا فِى الْاَرْضِ مُفْسِدِيْنَ","Dan (ingatlah) ketika Musa memohon air untuk kaumnya, lalu Kami berfirman, “Pukullah batu itu dengan tongkatmu!” Maka memancarlah daripadanya dua belas mata air. Setiap suku telah mengetahui tempat minumnya (masing-masing). Makan dan minumlah dari rezeki (yang diberikan) Allah, dan janganlah kamu melakukan kejahatan di bumi dengan berbuat kerusakan.","wa iżistasqā mụsā liqaumihī fa qulnaḍrib bi'aṣākal-ḥajar, fanfajarat min-huṡnatā 'asyrata 'ainā, qad 'alima kullu unāsim masyrabahum, kulụ wasyrabụ mir rizqillāhi wa lā ta'ṡau fil-arḍi mufsidīn"
"67","2","61","وَاِذْ قُلْتُمْ يٰمُوْسٰى لَنْ نَّصْبِرَ عَلٰى طَعَامٍ وَّاحِدٍ فَادْعُ لَنَا رَبَّكَ يُخْرِجْ لَنَا مِمَّا تُنْۢبِتُ الْاَرْضُ مِنْۢ بَقْلِهَا وَقِثَّاۤىِٕهَا وَفُوْمِهَا وَعَدَسِهَا وَبَصَلِهَا ۗ قَالَ اَتَسْتَبْدِلُوْنَ الَّذِيْ هُوَ اَدْنٰى بِالَّذِيْ هُوَ خَيْرٌ ۗ اِهْبِطُوْا مِصْرًا فَاِنَّ لَكُمْ مَّا سَاَلْتُمْ ۗ وَضُرِبَتْ عَلَيْهِمُ الذِّلَّةُ وَالْمَسْكَنَةُ وَبَاۤءُوْ بِغَضَبٍ مِّنَ اللّٰهِ ۗ ذٰلِكَ بِاَنَّهُمْ كَانُوْا يَكْفُرُوْنَ بِاٰيٰتِ اللّٰهِ وَيَقْتُلُوْنَ النَّبِيّٖنَ بِغَيْرِ الْحَقِّ ۗ ذٰلِكَ بِمَا عَصَوْا وَّكَانُوْا يَعْتَدُوْنَ","Dan (ingatlah), ketika kamu berkata, “Wahai Musa! Kami tidak tahan hanya (makan) dengan satu macam makanan saja, maka mohonkanlah kepada Tuhanmu untuk kami, agar Dia memberi kami apa yang ditumbuhkan bumi, seperti: sayur-mayur, mentimun, bawang putih, kacang adas dan bawang merah.” Dia (Musa) menjawab, “Apakah kamu meminta sesuatu yang buruk sebagai ganti dari sesuatu yang baik? Pergilah ke suatu kota, pasti kamu akan memperoleh apa yang kamu minta.” Kemudian mereka ditimpa kenistaan dan kemiskinan, dan mereka (kembali) mendapat kemurkaan dari Allah. Hal itu (terjadi) karena mereka mengingkari ayat-ayat Allah dan membunuh para nabi tanpa hak (alasan yang benar). Yang demikian itu karena mereka durhaka dan melampaui batas.","wa iż qultum yā mụsā lan naṣbira 'alā ṭa'āmiw wāḥidin fad'u lanā rabbaka yukhrij lanā mimmā tumbitul-arḍu mim baqlihā wa qiṡṡā`ihā wa fụmihā wa 'adasihā wa baṣalihā, qāla a tastabdilụnallażī huwa adnā billażī huwa khaīr, ihbiṭụ miṣran fa inna lakum mā sa`altum, wa ḍuribat 'alaihimuż-żillatu wal-maskanatu wa bā`ụ bigaḍabim minallāh, żālika bi`annahum kānụ yakfurụna bi`āyātillāhi wa yaqtulụnan-nabiyyīna bigairil-ḥaqq, żālika bimā 'aṣaw wa kānụ ya'tadụn"
"68","2","62","اِنَّ الَّذِيْنَ اٰمَنُوْا وَالَّذِيْنَ هَادُوْا وَالنَّصٰرٰى وَالصَّابِــِٕيْنَ مَنْ اٰمَنَ بِاللّٰهِ وَالْيَوْمِ الْاٰخِرِ وَعَمِلَ صَالِحًا فَلَهُمْ اَجْرُهُمْ عِنْدَ رَبِّهِمْۚ وَلَا خَوْفٌ عَلَيْهِمْ وَلَا هُمْ يَحْزَنُوْنَ","Sesungguhnya orang-orang yang beriman, orang-orang Yahudi, orang-orang Nasrani dan orang-orang sabi'in, siapa saja (di antara mereka) yang beriman kepada Allah dan hari akhir, dan melakukan kebajikan, mereka mendapat pahala dari Tuhannya, tidak ada rasa takut pada mereka, dan mereka tidak bersedih hati.","innallażīna āmanụ wallażīna hādụ wan-naṣārā waṣ-ṣābi`īna man āmana billāhi wal-yaumil-ākhiri wa 'amila ṣāliḥan fa lahum ajruhum 'inda rabbihim, wa lā khaufun 'alaihim wa lā hum yaḥzanụn"
"69","2","63","وَاِذْ اَخَذْنَا مِيْثَاقَكُمْ وَرَفَعْنَا فَوْقَكُمُ الطُّوْرَۗ خُذُوْا مَآ اٰتَيْنٰكُمْ بِقُوَّةٍ وَّاذْكُرُوْا مَا فِيْهِ لَعَلَّكُمْ تَتَّقُوْنَ","Dan (ingatlah) ketika Kami mengambil janji kamu dan Kami angkat gunung (Sinai) di atasmu (seraya berfirman), “Pegang teguhlah apa yang telah Kami berikan kepadamu dan ingatlah apa yang ada di dalamnya, agar kamu bertakwa.”","wa iż akhażnā mīṡāqakum wa rafa'nā fauqakumuṭ-ṭụr, khużụ mā ātainākum biquwwatiw ważkurụ mā fīhi la'allakum tattaqụn"
"70","2","64","ثُمَّ تَوَلَّيْتُمْ مِّنْۢ بَعْدِ ذٰلِكَ فَلَوْلَا فَضْلُ اللّٰهِ عَلَيْكُمْ وَرَحْمَتُهٗ لَكُنْتُمْ مِّنَ الْخٰسِرِيْنَ","Kemudian setelah itu kamu berpaling. Maka sekiranya bukan karena karunia Allah dan rahmat-Nya kepadamu, pasti kamu termasuk orang yang rugi.","ṡumma tawallaitum mim ba'di żālika falau lā faḍlullāhi 'alaikum wa raḥmatuhụ lakuntum minal-khāsirīn"
"71","2","65","وَلَقَدْ عَلِمْتُمُ الَّذِيْنَ اعْتَدَوْا مِنْكُمْ فِى السَّبْتِ فَقُلْنَا لَهُمْ كُوْنُوْا قِرَدَةً خَاسِـِٕيْنَ","Dan sungguh, kamu telah mengetahui orang-orang yang melakukan pelanggaran di antara kamu pada hari Sabat, lalu Kami katakan kepada mereka, “Jadilah kamu kera yang hina!”","wa laqad 'alimtumullażīna'tadau mingkum fis-sabti fa qulnā lahum kụnụ qiradatan khāsi`īn"
"72","2","66"," فَجَعَلْنٰهَا نَكَالًا لِّمَا بَيْنَ يَدَيْهَا وَمَا خَلْفَهَا وَمَوْعِظَةً لِّلْمُتَّقِيْنَ","Maka Kami jadikan (yang demikian) itu peringatan bagi orang-orang pada masa itu dan bagi mereka yang datang kemudian, serta menjadi pelajaran bagi orang-orang yang bertakwa.","fa ja'alnāhā nakālal limā baina yadaihā wa mā khalfahā wa mau'iẓatal lil-muttaqīn"
"73","2","67","وَاِذْ قَالَ مُوْسٰى لِقَوْمِهٖٓ اِنَّ اللّٰهَ يَأْمُرُكُمْ اَنْ تَذْبَحُوْا بَقَرَةً ۗ قَالُوْٓا اَتَتَّخِذُنَا هُزُوًا ۗ قَالَ اَعُوْذُ بِاللّٰهِ اَنْ اَكُوْنَ مِنَ الْجٰهِلِيْنَ","Dan (ingatlah) ketika Musa berkata kepada kaumnya, “Allah memerintahkan kamu agar menyembelih seekor sapi betina.” Mereka bertanya, “Apakah engkau akan menjadikan kami sebagai ejekan?” Dia (Musa) menjawab, “Aku berlindung kepada Allah agar tidak termasuk orang-orang yang bodoh.”","wa iż qāla mụsā liqaumihī innallāha ya`murukum an tażbaḥụ baqarah, qālū a tattakhiżunā huzuwā, qāla a'ụżu billāhi an akụna minal-jāhilīn"
"74","2","68","قَالُوا ادْعُ لَنَا رَبَّكَ يُبَيِّنْ لَّنَا مَا هِيَ ۗ قَالَ اِنَّهٗ يَقُوْلُ اِنَّهَا بَقَرَةٌ لَّا فَارِضٌ وَّلَا بِكْرٌۗ عَوَانٌۢ بَيْنَ ذٰلِكَ ۗ فَافْعَلُوْا مَا تُؤْمَرُوْنَ","Mereka berkata, “Mohonkanlah kepada Tuhanmu untuk kami agar Dia menjelaskan kepada kami tentang (sapi betina) itu.” Dia (Musa) menjawab, “Dia (Allah) berfirman, bahwa sapi betina itu tidak tua dan tidak muda, (tetapi) pertengahan antara itu. Maka kerjakanlah apa yang diperintahkan kepadamu.”","qālud'u lanā rabbaka yubayyil lanā mā hiy, qāla innahụ yaqụlu innahā baqaratul lā fāriḍuw wa lā bikr, 'awānum baina żālik, faf'alụ mā tu`marụn"
"75","2","69","قَالُوا ادْعُ لَنَا رَبَّكَ يُبَيِّنْ لَّنَا مَا لَوْنُهَا ۗ قَالَ اِنَّهٗ يَقُوْلُ اِنَّهَا بَقَرَةٌ صَفْرَاۤءُ فَاقِعٌ لَّوْنُهَا تَسُرُّ النّٰظِرِيْنَ","Mereka berkata, “Mohonkanlah kepada Tuhanmu untuk kami agar Dia menjelaskan kepada kami apa warnanya.” Dia (Musa) menjawab, “Dia (Allah) berfirman, bahwa (sapi) itu adalah sapi betina yang kuning tua warnanya, yang menyenangkan orang-orang yang memandang(nya).”","qālud'u lanā rabbaka yubayyil lanā mā launuhā, qāla innahụ yaqụlu innahā baqaratun ṣafrā`u fāqi'ul launuhā tasurrun-nāẓirīn"
"76","2","70","قَالُوا ادْعُ لَنَا رَبَّكَ يُبَيِّنْ لَّنَا مَا هِيَۙ اِنَّ الْبَقَرَ تَشٰبَهَ عَلَيْنَاۗ وَاِنَّآ اِنْ شَاۤءَ اللّٰهُ لَمُهْتَدُوْنَ","Mereka berkata, “Mohonkanlah kepada Tuhanmu untuk kami agar Dia menjelaskan kepada kami tentang (sapi betina) itu. (Karena) sesungguhnya sapi itu belum jelas bagi kami, dan jika Allah menghendaki, niscaya kami mendapat petunjuk.”","qālud'u lanā rabbaka yubayyil lanā mā hiya innal-baqara tasyābaha 'alainā, wa innā in syā`allāhu lamuhtadụn"
"77","2","71","قَالَ اِنَّهٗ يَقُوْلُ اِنَّهَا بَقَرَةٌ لَّا ذَلُوْلٌ تُثِيْرُ الْاَرْضَ وَلَا تَسْقِى الْحَرْثَۚ مُسَلَّمَةٌ لَّاشِيَةَ فِيْهَا ۗ قَالُوا الْـٰٔنَ جِئْتَ بِالْحَقِّ فَذَبَحُوْهَا وَمَا كَادُوْا يَفْعَلُوْنَ","Dia (Musa) menjawab, “Dia (Allah) berfirman, (sapi) itu adalah sapi betina yang belum pernah dipakai untuk membajak tanah dan tidak (pula) untuk mengairi tanaman, sehat, dan tanpa belang.” Mereka berkata, “Sekarang barulah engkau menerangkan (hal) yang sebenarnya.” Lalu mereka menyembelihnya, dan nyaris mereka tidak melaksanakan (perintah) itu.","qāla innahụ yaqụlu innahā baqaratul lā żalụlun tuṡīrul-arḍa wa lā tasqil-ḥarṡ, musallamatul lā syiyata fīhā, qālul-āna ji`ta bil-ḥaqqi fa żabaḥụhā wa mā kādụ yaf'alụn"
"78","2","72","وَاِذْ قَتَلْتُمْ نَفْسًا فَادّٰرَءْتُمْ فِيْهَا ۗ وَاللّٰهُ مُخْرِجٌ مَّا كُنْتُمْ تَكْتُمُوْنَ ۚ","Dan (ingatlah) ketika kamu membunuh seseorang, lalu kamu tuduh-menuduh tentang itu. Tetapi Allah menyingkapkan apa yang kamu sembunyikan.","wa iż qataltum nafsan faddāra'tum fīhā, wallāhu mukhrijum mā kuntum taktumụn"
"79","2","73","فَقُلْنَا اضْرِبُوْهُ بِبَعْضِهَاۗ كَذٰلِكَ يُحْيِ اللّٰهُ الْمَوْتٰى وَيُرِيْكُمْ اٰيٰتِهٖ لَعَلَّكُمْ تَعْقِلُوْنَ","Lalu Kami berfirman, “Pukullah (mayat) itu dengan bagian dari (sapi) itu!” Demikianlah Allah menghidupkan (orang) yang telah mati, dan Dia memperlihatkan kepadamu tanda-tanda (kekuasaan-Nya) agar kamu mengerti.","fa qulnaḍribụhu biba'ḍihā, każālika yuḥyillāhul-mautā wa yurīkum āyātihī la'allakum ta'qilụn"
"80","2","74","ثُمَّ قَسَتْ قُلُوْبُكُمْ مِّنْۢ بَعْدِ ذٰلِكَ فَهِيَ كَالْحِجَارَةِ اَوْ اَشَدُّ قَسْوَةً ۗ وَاِنَّ مِنَ الْحِجَارَةِ لَمَا يَتَفَجَّرُ مِنْهُ الْاَنْهٰرُ ۗ وَاِنَّ مِنْهَا لَمَا يَشَّقَّقُ فَيَخْرُجُ مِنْهُ الْمَاۤءُ ۗوَاِنَّ مِنْهَا لَمَا يَهْبِطُ مِنْ خَشْيَةِ اللّٰهِ ۗوَمَا اللّٰهُ بِغَافِلٍ عَمَّا تَعْمَلُوْنَ","Kemudian setelah itu hatimu menjadi keras, sehingga (hatimu) seperti batu, bahkan lebih keras. Padahal dari batu-batu itu pasti ada sungai-sungai yang (airnya) memancar daripadanya. Ada pula yang terbelah lalu keluarlah mata air daripadanya. Dan ada pula yang meluncur jatuh karena takut kepada Allah. Dan Allah tidaklah lengah terhadap apa yang kamu kerjakan.","ṡumma qasat qulụbukum mim ba'di żālika fa hiya kal-ḥijārati au asyaddu qaswah, wa inna minal-ḥijārati lamā yatafajjaru min-hul-an-hār, wa inna min-hā lamā yasysyaqqaqu fa yakhruju min-hul-mā`, wa inna min-hā lamā yahbiṭu min khasy-yatillāh, wa mallāhu bigāfilin 'ammā ta'malụn"
"81","2","75","۞ اَفَتَطْمَعُوْنَ اَنْ يُّؤْمِنُوْا لَكُمْ وَقَدْ كَانَ فَرِيْقٌ مِّنْهُمْ يَسْمَعُوْنَ كَلَامَ اللّٰهِ ثُمَّ يُحَرِّفُوْنَهٗ مِنْۢ بَعْدِ مَا عَقَلُوْهُ وَهُمْ يَعْلَمُوْنَ","Maka apakah kamu (Muslimin) sangat mengharapkan mereka akan percaya kepadamu, sedangkan segolongan dari mereka mendengar firman Allah, lalu mereka mengubahnya setelah memahaminya, padahal mereka mengetahuinya?","a fa taṭma'ụna ay yu`minụ lakum wa qad kāna farīqum min-hum yasma'ụna kalāmallāhi ṡumma yuḥarrifụnahụ mim ba'di mā 'aqalụhu wa hum ya'lamụn"
"82","2","76","وَاِذَا لَقُوا الَّذِيْنَ اٰمَنُوْا قَالُوْٓا اٰمَنَّاۚ وَاِذَا خَلَا بَعْضُهُمْ اِلٰى بَعْضٍ قَالُوْٓا اَتُحَدِّثُوْنَهُمْ بِمَا فَتَحَ اللّٰهُ عَلَيْكُمْ لِيُحَاۤجُّوْكُمْ بِهٖ عِنْدَ رَبِّكُمْ ۗ اَفَلَا تَعْقِلُوْنَ","Dan apabila mereka berjumpa dengan orang-orang yang beriman, mereka berkata, “Kami telah beriman.” Tetapi apabila kembali kepada sesamanya, mereka bertanya, “Apakah akan kamu ceritakan kepada mereka apa yang telah diterangkan Allah kepadamu, sehingga mereka dapat menyanggah kamu di hadapan Tuhanmu? Tidakkah kamu mengerti?”","wa iżā laqullażīna āmanụ qālū āmannā, wa iżā khalā ba'ḍuhum ilā ba'ḍing qālū a tuḥaddiṡụnahum bimā fataḥallāhu 'alaikum liyuḥājjụkum bihī 'inda rabbikum, a fa lā ta'qilụn"
"83","2","77","اَوَلَا يَعْلَمُوْنَ اَنَّ اللّٰهَ يَعْلَمُ مَا يُسِرُّوْنَ وَمَا يُعْلِنُوْنَ","Dan tidakkah mereka tahu bahwa Allah mengetahui apa yang mereka sembunyikan dan apa yang mereka nyatakan?","a wa lā ya'lamụna annallāha ya'lamu mā yusirrụna wa mā yu'linụn"
"84","2","78"," وَمِنْهُمْ اُمِّيُّوْنَ لَا يَعْلَمُوْنَ الْكِتٰبَ اِلَّآ اَمَانِيَّ وَاِنْ هُمْ اِلَّا يَظُنُّوْنَ","Dan di antara mereka ada yang buta huruf, tidak memahami Kitab (Taurat), kecuali hanya berangan-angan dan mereka hanya menduga-duga.","wa min-hum ummiyyụna lā ya'lamụnal-kitāba illā amāniyya wa in hum illā yaẓunnụn"
"85","2","79","فَوَيْلٌ لِّلَّذِيْنَ يَكْتُبُوْنَ الْكِتٰبَ بِاَيْدِيْهِمْ ثُمَّ يَقُوْلُوْنَ هٰذَا مِنْ عِنْدِ اللّٰهِ لِيَشْتَرُوْا بِهٖ ثَمَنًا قَلِيْلًا ۗفَوَيْلٌ لَّهُمْ مِّمَّا كَتَبَتْ اَيْدِيْهِمْ وَوَيْلٌ لَّهُمْ مِّمَّا يَكْسِبُوْنَ","Maka celakalah orang-orang yang menulis kitab dengan tangan mereka (sendiri), kemudian berkata, “Ini dari Allah,” (dengan maksud) untuk menjualnya dengan harga murah. Maka celakalah mereka, karena tulisan tangan mereka, dan celakalah mereka karena apa yang mereka perbuat.","fa wailul lillażīna yaktubụnal-kitāba bi`aidīhim ṡumma yaqụlụna hāżā min 'indillāhi liyasytarụ bihī ṡamanang qalīlā, fa wailul lahum mimmā katabat aidīhim wa wailul lahum mimmā yaksibụn"
"86","2","80","وَقَالُوْا لَنْ تَمَسَّنَا النَّارُ اِلَّآ اَيَّامًا مَّعْدُوْدَةً ۗ قُلْ اَتَّخَذْتُمْ عِنْدَ اللّٰهِ عَهْدًا فَلَنْ يُّخْلِفَ اللّٰهُ عَهْدَهٗٓ اَمْ تَقُوْلُوْنَ عَلَى اللّٰهِ مَا لَا تَعْلَمُوْنَ","Dan mereka berkata, “Neraka tidak akan menyentuh kami, kecuali beberapa hari saja.” Katakanlah, “Sudahkah kamu menerima janji dari Allah, sehingga Allah tidak akan mengingkari janji-Nya, ataukah kamu mengatakan tentang Allah, sesuatu yang tidak kamu ketahui?”","wa qālụ lan tamassanan-nāru illā ayyāmam ma'dụdah, qul attakhażtum 'indallāhi 'ahdan fa lay yukhlifallāhu 'ahdahū am taqụlụna 'alallāhi mā lā ta'lamụn"
"87","2","81","بَلٰى مَنْ كَسَبَ سَيِّئَةً وَّاَحَاطَتْ بِهٖ خَطِيْۤـَٔتُهٗ فَاُولٰۤىِٕكَ اَصْحٰبُ النَّارِ ۚ هُمْ فِيْهَا خٰلِدُوْنَ","Bukan demikian! Barangsiapa berbuat keburukan, dan dosanya telah menenggelamkannya, maka mereka itu penghuni neraka. Mereka kekal di dalamnya.","balā mang kasaba sayyi`ataw wa `aḥāṭat bihī khaṭī`atuhụ fa ulā`ika aṣ-ḥābun-nār, hum fīhā khālidụn"
"88","2","82","وَالَّذِيْنَ اٰمَنُوْا وَعَمِلُوا الصّٰلِحٰتِ اُولٰۤىِٕكَ اَصْحٰبُ الْجَنَّةِ ۚ هُمْ فِيْهَا خٰلِدُوْنَ","Dan orang-orang yang beriman dan mengerjakan kebajikan, mereka itu penghuni surga. Mereka kekal di dalamnya.","wallażīna āmanụ wa 'amiluṣ-ṣāliḥāti ulā`ika aṣ-ḥābul-jannah, hum fīhā khālidụn"
"89","2","83","وَاِذْ اَخَذْنَا مِيْثَاقَ بَنِيْٓ اِسْرَاۤءِيْلَ لَا تَعْبُدُوْنَ اِلَّا اللّٰهَ وَبِالْوَالِدَيْنِ اِحْسَانًا وَّذِى الْقُرْبٰى وَالْيَتٰمٰى وَالْمَسٰكِيْنِ وَقُوْلُوْا لِلنَّاسِ حُسْنًا وَّاَقِيْمُوا الصَّلٰوةَ وَاٰتُوا الزَّكٰوةَۗ ثُمَّ تَوَلَّيْتُمْ اِلَّا قَلِيْلًا مِّنْكُمْ وَاَنْتُمْ مُّعْرِضُوْنَ","Dan (ingatlah) ketika Kami mengambil janji dari Bani Israil, “Janganlah kamu menyembah selain Allah, dan berbuat-baiklah kepada kedua orang tua, kerabat, anak-anak yatim, dan orang-orang miskin. Dan bertuturkatalah yang baik kepada manusia, laksanakanlah salat dan tunaikanlah zakat.” Tetapi kemudian kamu berpaling (mengingkari), kecuali sebagian kecil dari kamu, dan kamu (masih menjadi) pembangkang.","wa iż akhażnā mīṡāqa banī isrā`īla lā ta'budụna illallāha wa bil-wālidaini iḥsānaw wa żil-qurbā wal-yatāmā wal-masākīni wa qụlụ lin-nāsi ḥusnaw wa aqīmuṣ-ṣalāta wa ātuz-zakāh, ṡumma tawallaitum illā qalīlam mingkum wa antum mu'riḍụn"
"90","2","84","وَاِذْ اَخَذْنَا مِيْثَاقَكُمْ لَا تَسْفِكُوْنَ دِمَاۤءَكُمْ وَلَا تُخْرِجُوْنَ اَنْفُسَكُمْ مِّنْ دِيَارِكُمْ ۖ ثُمَّ اَقْرَرْتُمْ وَاَنْتُمْ تَشْهَدُوْنَ","Dan (ingatlah) ketika Kami mengambil janji kamu, “Janganlah kamu menumpahkan darahmu (membunuh orang), dan mengusir dirimu (saudara sebangsamu) dari kampung halamanmu.” Kemudian kamu berikrar dan bersaksi.","wa iż akhażnā mīṡāqakum lā tasfikụna dimā`akum wa lā tukhrijụna anfusakum min diyārikum ṡumma aqrartum wa antum tasy-hadụn"
"91","2","85","ثُمَّ اَنْتُمْ هٰٓؤُلَاۤءِ تَقْتُلُوْنَ اَنْفُسَكُمْ وَتُخْرِجُوْنَ فَرِيْقًا مِّنْكُمْ مِّنْ دِيَارِهِمْۖ تَظٰهَرُوْنَ عَلَيْهِمْ بِالْاِثْمِ وَالْعُدْوَانِۗ وَاِنْ يَّأْتُوْكُمْ اُسٰرٰى تُفٰدُوْهُمْ وَهُوَ مُحَرَّمٌ عَلَيْكُمْ اِخْرَاجُهُمْ ۗ اَفَتُؤْمِنُوْنَ بِبَعْضِ الْكِتٰبِ وَتَكْفُرُوْنَ بِبَعْضٍۚ فَمَا جَزَاۤءُ مَنْ يَّفْعَلُ ذٰلِكَ مِنْكُمْ اِلَّا خِزْيٌ فِى الْحَيٰوةِ الدُّنْيَا ۚوَيَوْمَ الْقِيٰمَةِ يُرَدُّوْنَ اِلٰٓى اَشَدِّ الْعَذَابِۗ وَمَا اللّٰهُ بِغَافِلٍ عَمَّا تَعْمَلُوْنَ","Kemudian kamu (Bani Israil) membunuh dirimu (sesamamu), dan mengusir segolongan dari kamu dari kampung halamannya. Kamu saling membantu (menghadapi) mereka dalam kejahatan dan permusuhan. Dan jika mereka datang kepadamu sebagai tawanan, kamu tebus mereka, padahal kamu dilarang mengusir mereka. Apakah kamu beriman kepada sebagian Kitab (Taurat) dan ingkar kepada sebagian (yang lain)? Maka tidak ada balasan (yang pantas) bagi orang yang berbuat demikian di antara kamu selain kenistaan dalam kehidupan dunia, dan pada hari Kiamat mereka dikembalikan kepada azab yang paling berat. Dan Allah tidak lengah terhadap apa yang kamu kerjakan.","ṡumma antum hā`ulā`i taqtulụna anfusakum wa tukhrijụna farīqam mingkum min diyārihim taẓāharụna 'alaihim bil-iṡmi wal-'udwān, wa iy ya`tụkum usārā tufādụhum wa huwa muḥarramun 'alaikum ikhrājuhum, a fa tu`minụna biba'ḍil-kitābi wa takfurụna biba'ḍ, fa mā jazā`u may yaf'alu żālika mingkum illā khizyun fil-ḥayātid-dun-yā, wa yaumal-qiyāmati yuraddụna ilā asyaddil-'ażāb, wa mallāhu bigāfilin 'ammā ta'malụn"
"92","2","86"," اُولٰۤىِٕكَ الَّذِيْنَ اشْتَرَوُا الْحَيٰوةَ الدُّنْيَا بِالْاٰخِرَةِ ۖ فَلَا يُخَفَّفُ عَنْهُمُ الْعَذَابُ وَلَا هُمْ يُنْصَرُوْنَ","Mereka itulah orang-orang yang membeli kehidupan dunia dengan (kehidupan) akhirat. Maka tidak akan diringankan azabnya dan mereka tidak akan ditolong.","ulā`ikallażīnasytarawul-ḥayātad-dun-yā bil-ākhirati fa lā yukhaffafu 'an-humul-'ażābu wa lā hum yunṣarụn"
"93","2","87","وَلَقَدْ اٰتَيْنَا مُوْسَى الْكِتٰبَ وَقَفَّيْنَا مِنْۢ بَعْدِهٖ بِالرُّسُلِ ۖ وَاٰتَيْنَا عِيْسَى ابْنَ مَرْيَمَ الْبَيِّنٰتِ وَاَيَّدْنٰهُ بِرُوْحِ الْقُدُسِۗ اَفَكُلَّمَا جَاۤءَكُمْ رَسُوْلٌۢ بِمَا لَا تَهْوٰىٓ اَنْفُسُكُمُ اسْتَكْبَرْتُمْ ۚ فَفَرِيْقًا كَذَّبْتُمْ وَفَرِيْقًا تَقْتُلُوْنَ","Dan sungguh, Kami telah memberikan Kitab (Taurat) kepada Musa, dan Kami susulkan setelahnya dengan rasul-rasul, dan Kami telah berikan kepada Isa putra Maryam bukti-bukti kebenaran serta Kami perkuat dia dengan Rohulkudus (Jibril). Mengapa setiap rasul yang datang kepadamu (membawa) sesuatu (pelajaran) yang tidak kamu inginkan, kamu menyombongkan diri, lalu sebagian kamu dustakan dan sebagian kamu bunuh?","wa laqad ātainā mụsal-kitāba wa qaffainā mim ba'dihī bir-rusuli wa ātainā 'īsabna maryamal-bayyināti wa ayyadnāhu birụḥil-qudus, a fa kullamā jā`akum rasụlum bimā lā tahwā anfusukumustakbartum, fa farīqang każżabtum wa farīqan taqtulụn"
"94","2","88","وَقَالُوْا قُلُوْبُنَا غُلْفٌ ۗ بَلْ لَّعَنَهُمُ اللّٰهُ بِكُفْرِهِمْ فَقَلِيْلًا مَّا يُؤْمِنُوْنَ","Dan mereka berkata, “Hati kami tertutup.” Tidak! Allah telah melaknat mereka itu karena keingkaran mereka, tetapi sedikit sekali mereka yang beriman.","wa qālụ qulụbunā gulf, bal la'anahumullāhu bikufrihim fa qalīlam mā yu`minụn"
"95","2","89","وَلَمَّا جَاۤءَهُمْ كِتٰبٌ مِّنْ عِنْدِ اللّٰهِ مُصَدِّقٌ لِّمَا مَعَهُمْۙ وَكَانُوْا مِنْ قَبْلُ يَسْتَفْتِحُوْنَ عَلَى الَّذِيْنَ كَفَرُوْاۚ فَلَمَّا جَاۤءَهُمْ مَّا عَرَفُوْا كَفَرُوْا بِهٖ ۖ فَلَعْنَةُ اللّٰهِ عَلَى الْكٰفِرِيْنَ","Dan setelah sampai kepada mereka Kitab (Al-Qur'an) dari Allah yang membenarkan apa yang ada pada mereka sedangkan sebelumnya mereka memohon kemenangan atas orang-orang kafir, ternyata setelah sampai kepada mereka apa yang telah mereka ketahui itu, mereka mengingkarinya. Maka laknat Allah bagi orang-orang yang ingkar.","wa lammā jā`ahum kitābum min 'indillāhi muṣaddiqul limā ma'ahum wa kānụ ming qablu yastaftiḥụna 'alallażīna kafarụ, fa lammā jā`ahum mā 'arafụ kafarụ bihī fa la'natullāhi 'alal-kāfirīn"
"96","2","90"," بِئْسَمَا اشْتَرَوْا بِهٖٓ اَنْفُسَهُمْ اَنْ يَّكْفُرُوْا بِمَآ اَنْزَلَ اللّٰهُ بَغْيًا اَنْ يُّنَزِّلَ اللّٰهُ مِنْ فَضْلِهٖ عَلٰى مَنْ يَّشَاۤءُ مِنْ عِبَادِهٖ ۚ فَبَاۤءُوْ بِغَضَبٍ عَلٰى غَضَبٍۗ وَلِلْكٰفِرِيْنَ عَذَابٌ مُّهِيْنٌ","Sangatlah buruk (perbuatan) mereka menjual dirinya, dengan mengingkari apa yang diturunkan Allah, karena dengki bahwa Allah menurunkan karunia-Nya kepada siapa yang Dia kehendaki di antara hamba-hamba-Nya. Karena itulah mereka menanggung kemurkaan demi kemurkaan. Dan kepada orang-orang kafir (ditimpakan) azab yang menghinakan.","bi`samasytarau bihī anfusahum ay yakfurụ bimā anzalallāhu bagyan ay yunazzilallāhu min faḍlihī 'alā may yasyā`u min 'ibādih, fa bā`ụ bigaḍabin 'alā gaḍab, wa lil-kāfirīna 'ażābum muhīn"
"97","2","91","وَاِذَا قِيْلَ لَهُمْ اٰمِنُوْا بِمَآ اَنْزَلَ اللّٰهُ قَالُوْا نُؤْمِنُ بِمَآ اُنْزِلَ عَلَيْنَا وَيَكْفُرُوْنَ بِمَا وَرَاۤءَهٗ وَهُوَ الْحَقُّ مُصَدِّقًا لِّمَا مَعَهُمْ ۗ قُلْ فَلِمَ تَقْتُلُوْنَ اَنْۢبِيَاۤءَ اللّٰهِ مِنْ قَبْلُ اِنْ كُنْتُمْ مُّؤْمِنِيْنَ","Dan apabila dikatakan kepada mereka, “Berimanlah kepada apa yang diturunkan Allah (Al-Qur'an),” mereka menjawab, “Kami beriman kepada apa yang diturunkan kepada kami.” Dan mereka ingkar kepada apa yang setelahnya, padahal (Al-Qur'an) itu adalah yang hak yang membenarkan apa yang ada pada mereka. Katakanlah (Muhammad), “Mengapa kamu dahulu membunuh nabi-nabi Allah jika kamu orang-orang beriman?”","wa iżā qīla lahum āminụ bimā anzalallāhu qālụ nu`minu bimā unzila 'alainā wa yakfurụna bimā warā`ahụ wa huwal-ḥaqqu muṣaddiqal limā ma'ahum, qul fa lima taqtulụna ambiyā`allāhi ming qablu ing kuntum mu`minīn"
"98","2","92","۞ وَلَقَدْ جَاۤءَكُمْ مُّوْسٰى بِالْبَيِّنٰتِ ثُمَّ اتَّخَذْتُمُ الْعِجْلَ مِنْۢ بَعْدِهٖ وَاَنْتُمْ ظٰلِمُوْنَ","Dan sungguh, Musa telah datang kepadamu dengan bukti-bukti kebenaran, kemudian kamu mengambil (patung) anak sapi (sebagai sesembahan) setelah (kepergian)nya, dan kamu (menjadi) orang-orang zalim.","wa laqad jā`akum mụsā bil-bayyināti ṡummattakhażtumul-'ijla mim ba'dihī wa antum ẓālimụn"
"99","2","93","وَاِذْ اَخَذْنَا مِيْثَاقَكُمْ وَرَفَعْنَا فَوْقَكُمُ الطُّوْرَۗ خُذُوْا مَآ اٰتَيْنٰكُمْ بِقُوَّةٍ وَّاسْمَعُوْا ۗ قَالُوْا سَمِعْنَا وَعَصَيْنَا وَاُشْرِبُوْا فِيْ قُلُوْبِهِمُ الْعِجْلَ بِكُفْرِهِمْ ۗ قُلْ بِئْسَمَا يَأْمُرُكُمْ بِهٖٓ اِيْمَانُكُمْ اِنْ كُنْتُمْ مُّؤْمِنِيْنَ","Dan (ingatlah) ketika Kami mengambil janji kamu dan Kami angkat gunung (Sinai) di atasmu (seraya berfirman), “Pegang teguhlah apa yang Kami berikan kepadamu dan dengarkanlah!” Mereka menjawab, “Kami mendengarkan tetapi kami tidak menaati.” Dan diresapkanlah ke dalam hati mereka itu (kecintaan menyembah patung) anak sapi karena kekafiran mereka. Katakanlah, “Sangat buruk apa yang diperintahkan oleh kepercayaanmu kepadamu jika kamu orang-orang beriman!”","wa iż akhażnā mīṡāqakum wa rafa'nā fauqakumuṭ-ṭụr, khużụ mā ātainākum biquwwatiw wasma'ụ, qālụ sami'nā wa 'aṣainā wa usyribụ fī qulụbihimul-'ijla bikufrihim, qul bi`samā ya`murukum bihī īmānukum ing kuntum mu`minīn"
